Sales_Team,Region,Manager, Total_Sales , Target_AOP_Revenue ,Profit_Margin_Avg,Target_AOP_Profit,
PPG,Europe,Alice Brown,"$139,895,073.40 ","$229,040,808.50 ",0.27,3456121.27,0.610786673
LSG,Europe,Bob Wilson,"$159,935,764.75 ","$248,516,128.70 ",0.29,6849820.73,0.643562917
BPD,Europe,Carlos Martinez,"$175,635,820.54 ","$299,819,430.40 ",0.23,6174149.44,0.585805331
TTD,Europe,Diana Lee,"$168,979,414.20 ","$208,623,112.00 ",0.34,2762143.37,0.809974564
